,Code_commune,Appartement,Maison
0,44109,3362.012666670613,4360.545869115909
1,44143,2330.0798791786715,3666.92594611005
2,44162,2345.799297625744,3112.356457410882
3,44184,2288.181428403936,6638.91834089171
4,49007,2336.3109819434526,2598.9456414039964
5,49099,1451.4074584847467,1777.9039020900932
6,49328,1434.2900979806143,1637.501444100031
7,53130,1512.407800669987,1861.0769154768932
8,72181,1456.7449697380332,1890.208273760134
9,85191,1738.6563552076123,1943.6985471265923
